representative_task,scene_id,target_text,target_pos,target_image_path,raw_folder,contact_sheet
289,4,green trash cans inside the white pavilion,"[7802.35, -3598.31, -2.01467]",data/target_image/Scene4/trash_bin.png,.\reconstructed_targets\batch_raw\289_trash_bin,.\reconstructed_targets\review\289_trash_bin_contact.jpg
290,4,iron fence gate on the road,"[7699.52, -3637.64, -2.7376]",data/target_image/Scene4/iron_fence_gate.png,.\reconstructed_targets\batch_raw\290_iron_fence_gate,.\reconstructed_targets\review\290_iron_fence_gate_contact.jpg
291,4,"The red, cross-shaped fire hydrant next to the streetlight pole","[7716.22, -3668.41, -0.3838]",data/target_image/Scene4/Fire_extinguisher.png,.\reconstructed_targets\batch_raw\291_Fire_extinguisher,.\reconstructed_targets\review\291_Fire_extinguisher_contact.jpg
292,4,"The white and green squares on the ground are the parking lot, and the white pavilion next to the parking lot is the garbage bin inside","[7757.58, -3628.82, -1.6751]",data/target_image/Scene4/trash_bin_beside_the_parking_lot.png,.\reconstructed_targets\batch_raw\292_trash_bin_beside_the_parking_lot,.\reconstructed_targets\review\292_trash_bin_beside_the_parking_lot_contact.jpg
293,4,white safeguard pavilion at the gate of the neighborhood,"[7690.95, -3517.15, -2.117]",data/target_image/Scene4/safeguard_pavillion.png,.\reconstructed_targets\batch_raw\293_safeguard_pavillion,.\reconstructed_targets\review\293_safeguard_pavillion_contact.jpg
294,4,stone balls on the road,"[7702.41, -3540.95, -0.7754]",data/target_image/Scene4/stoneballs.png,.\reconstructed_targets\batch_raw\294_stoneballs,.\reconstructed_targets\review\294_stoneballs_contact.jpg
295,4,green and white grids,"[7692.01, -3563.11, -0.9503]",data/target_image/Scene4/parking_lot.png,.\reconstructed_targets\batch_raw\295_parking_lot,.\reconstructed_targets\review\295_parking_lot_contact.jpg
296,5,The white garbage station next to the residential building,"[7562.19, -3538.68, -2.3804]",data/target_image/Scene4/garbage station next to the building.png,.\reconstructed_targets\batch_raw\296_garbage_station_next_to_the_building,.\reconstructed_targets\review\296_garbage_station_next_to_the_building_contact.jpg
297,4,The white box beside the lawn parking lot,"[7692.88, -3574.72, -2.2455]",data/target_image/Scene4/white box beside the lawn parking lot.png,.\reconstructed_targets\batch_raw\297_white_box_beside_the_lawn_parking_lot,.\reconstructed_targets\review\297_white_box_beside_the_lawn_parking_lot_contact.jpg
307,4,The signboard next to the street lamp,"[7773.48, -3708.4, -4.6611]",data/target_image/Scene5/signboard.png,.\reconstructed_targets\batch_raw\307_signboard,.\reconstructed_targets\review\307_signboard_contact.jpg
308,4,red square framework,"[7711.21, -3552.8, -5.4625]",data/target_image/Scene5/red_square_framework.png,.\reconstructed_targets\batch_raw\308_red_square_framework,.\reconstructed_targets\review\308_red_square_framework_contact.jpg
309,4,stone wall with Chinese character 'Yisheng Garden',"[7826.65, -3610.77, -1.2696]",data/target_image/Scene5/stonewall_with_sign.png,.\reconstructed_targets\batch_raw\309_stonewall_with_sign,.\reconstructed_targets\review\309_stonewall_with_sign_contact.jpg
310,4,Circular greenbelt,"[7694.04, -3605.72, -4.1656]",data/target_image/Scene5/Circular_greenbelt.png,.\reconstructed_targets\batch_raw\310_Circular_greenbelt,.\reconstructed_targets\review\310_Circular_greenbelt_contact.jpg
311,4,A conical roof supported by four pillars,"[7718.85, -3656.02, -4.6041]",data/target_image/Scene5/Pavilion.png,.\reconstructed_targets\batch_raw\311_Pavilion,.\reconstructed_targets\review\311_Pavilion_contact.jpg
312,4,Blue transparent prism roof and white frame,"[7789.5, -3652.15, -2.3279]",data/target_image/Scene5/Glass_greenhouse.png,.\reconstructed_targets\batch_raw\312_Glass_greenhouse,.\reconstructed_targets\review\312_Glass_greenhouse_contact.jpg
313,4,Tilted glass dome with white frame,"[7725.39, -3543.6, -3.2063]",data/target_image/Scene5/underground_parking_lot_entrance.png,.\reconstructed_targets\batch_raw\313_underground_parking_lot_entrance,.\reconstructed_targets\review\313_underground_parking_lot_entrance_contact.jpg
314,4,Composed of a blue roof and white walls with windows,"[7787.51, -3580.39, -6.4087]",data/target_image/Scene5/House.png,.\reconstructed_targets\batch_raw\314_House,.\reconstructed_targets\review\314_House_contact.jpg
315,4,The greenbelt surrounded by the road,"[7694.04, -3605.72, -4.1656]",data/target_image/Scene5/green belt surrounded by the road.png,.\reconstructed_targets\batch_raw\315_green_belt_surrounded_by_the_road,.\reconstructed_targets\review\315_green_belt_surrounded_by_the_road_contact.jpg
316,5,the blue roofed white house next to The Entry of underground parking,"[7676.11, -3547.65, -5.6376]",data/target_image/Scene5/house next to The entrance.png,.\reconstructed_targets\batch_raw\316_house_next_to_The_entrance,.\reconstructed_targets\review\316_house_next_to_The_entrance_contact.jpg
317,4,A blue roofed white house between two residential buildings,"[7758.03, -3690.37, -4.6246]",data/target_image/Scene5/house between two buildings.png,.\reconstructed_targets\batch_raw\317_house_between_two_buildings,.\reconstructed_targets\review\317_house_between_two_buildings_contact.jpg
