local_time,memory_used_mib,memory_free_mib,gpu_util_percent,power_w
2026-10-04T14:45:23,16106,8047,27,37.17
2026-10-04T14:45:25,16106,8047,53,36.00
2026-10-04T14:45:27,16106,8047,31,37.58
2026-10-04T14:45:29,16106,8047,19,42.47
2026-10-04T14:45:31,16106,8047,12,58.44
2026-10-04T14:45:32,16106,8047,39,42.97
2026-10-04T14:45:33,16106,8047,50,42.44
2026-10-04T14:45:35,16106,8047,61,41.37
2026-10-04T14:45:36,16106,8047,41,40.06
2026-10-04T14:45:37,16106,8047,48,43.45
2026-10-04T14:45:39,16106,8047,42,41.87
2026-10-04T14:45:40,16106,8047,14,68.35
2026-10-04T14:45:41,16106,8047,14,79.77
2026-10-04T14:45:42,16106,8047,25,46.32
2026-10-04T14:45:44,16106,8047,30,47.56
2026-10-04T14:45:45,16106,8047,50,44.91
2026-10-04T14:45:46,16106,8047,28,38.86
2026-10-04T14:45:48,16106,8047,57,46.44
2026-10-04T14:45:49,16106,8047,36,40.99
2026-10-04T14:45:51,16106,8047,48,40.12
2026-10-04T14:45:52,16106,8047,40,41.29
2026-10-04T14:45:54,16106,8047,54,40.51
2026-10-04T14:45:55,16106,8047,55,37.12
2026-10-04T14:45:57,16106,8047,41,39.44
2026-10-04T14:45:58,16106,8047,8,69.78
2026-10-04T14:46:00,16106,8047,22,75.01
2026-10-04T14:46:01,16106,8047,30,42.70
2026-10-04T14:46:02,16106,8047,50,45.34
2026-10-04T14:46:04,16106,8047,39,39.69
2026-10-04T14:46:05,16106,8047,46,40.41
2026-10-04T14:46:07,16106,8047,49,39.64
2026-10-04T14:46:08,16106,8047,46,42.46
2026-10-04T14:46:10,16106,8047,51,44.19
2026-10-04T14:46:11,16106,8047,60,36.86
2026-10-04T14:46:12,16106,8047,35,39.56
2026-10-04T14:46:14,16106,8047,52,44.10
2026-10-04T14:46:16,16106,8047,53,41.22
2026-10-04T14:46:17,16106,8047,34,38.33
2026-10-04T14:46:19,16106,8047,46,42.41
2026-10-04T14:46:20,16106,8047,9,34.33
2026-10-04T14:46:22,16106,8047,51,43.12
2026-10-04T14:46:23,16106,8047,44,42.65
2026-10-04T14:46:25,16106,8047,48,45.43
2026-10-04T14:46:26,16106,8047,53,43.55
2026-10-04T14:46:27,16106,8047,28,41.80
2026-10-04T14:46:29,16106,8047,65,50.93
2026-10-04T14:46:30,16106,8047,15,73.88
2026-10-04T14:46:31,16106,8047,1,51.53
2026-10-04T14:46:33,16106,8047,47,36.62
2026-10-04T14:46:34,16106,8047,54,41.82
2026-10-04T14:46:35,16106,8047,51,47.74
2026-10-04T14:46:37,16106,8047,30,36.38
2026-10-04T14:46:38,16106,8047,51,46.85
2026-10-04T14:46:40,16542,7611,10,69.45
2026-10-04T14:46:42,17154,6999,17,80.40
2026-10-04T14:46:43,17154,6999,15,81.55
2026-10-04T14:46:45,17154,6999,8,77.13
2026-10-04T14:46:47,17154,6999,54,43.68
2026-10-04T14:46:48,17154,6999,36,40.33
2026-10-04T14:46:50,17154,6999,13,50.59
2026-10-04T14:46:51,17154,6999,8,78.87
2026-10-04T14:46:53,17154,6999,30,43.24
2026-10-04T14:46:55,17154,6999,41,41.50
2026-10-04T14:46:56,17154,6999,54,39.92
2026-10-04T14:46:58,17154,6999,57,42.03
2026-10-04T14:46:59,17154,6999,29,37.19
2026-10-04T14:47:00,17764,6389,57,38.37
2026-10-04T14:47:02,18900,5253,19,56.03
2026-10-04T14:47:03,19708,4445,10,67.64
2026-10-04T14:47:05,19708,4445,22,51.22
2026-10-04T14:47:06,19708,4445,1,49.22
2026-10-04T14:47:08,19708,4445,14,75.61
2026-10-04T14:47:09,19708,4445,14,95.63
2026-10-04T14:47:10,19708,4445,20,55.62
2026-10-04T14:47:12,19708,4445,29,53.12
2026-10-04T14:47:13,19708,4445,34,51.21
2026-10-04T14:47:15,19708,4445,45,45.44
2026-10-04T14:47:17,19708,4445,55,46.83
2026-10-04T14:47:18,19708,4445,36,44.10
2026-10-04T14:47:20,19708,4445,56,46.20
2026-10-04T14:47:21,19708,4445,52,45.46
2026-10-04T14:47:23,19708,4445,55,44.14
2026-10-04T14:47:24,19708,4445,57,44.95
2026-10-04T14:47:25,19708,4445,54,48.38
2026-10-04T14:47:27,19708,4445,16,72.75
2026-10-04T14:47:28,19708,4445,25,50.03
2026-10-04T14:47:30,19708,4445,33,47.58
2026-10-04T14:47:32,19708,4445,46,45.67
2026-10-04T14:47:33,19708,4445,49,43.39
2026-10-04T14:47:35,19708,4445,48,40.45
2026-10-04T14:47:36,19708,4445,15,73.39
2026-10-04T14:47:38,19708,4445,23,58.34
2026-10-04T14:47:40,19708,4445,50,44.44
2026-10-04T14:47:41,19708,4445,45,43.00
2026-10-04T14:47:43,19708,4445,48,42.37
2026-10-04T14:47:44,19773,4380,48,48.70
2026-10-04T14:47:45,19773,4380,39,40.63
2026-10-04T14:47:47,19773,4380,30,38.36
2026-10-04T14:47:49,19772,4381,54,41.11
2026-10-04T14:47:50,19772,4381,44,34.80
2026-10-04T14:47:52,19772,4381,14,77.46
2026-10-04T14:47:53,19772,4381,18,48.88
2026-10-04T14:47:55,19772,4381,30,40.78
2026-10-04T14:47:57,19772,4381,46,36.03
2026-10-04T14:47:58,19772,4381,41,38.46
2026-10-04T14:48:00,19772,4381,28,37.75
2026-10-04T14:48:01,19772,4381,53,36.87
2026-10-04T14:48:02,19772,4381,16,45.88
2026-10-04T14:48:04,19772,4381,10,79.46
2026-10-04T14:48:05,19772,4381,13,46.61
2026-10-04T14:48:07,19848,4305,51,48.49
2026-10-04T14:48:08,20276,3877,60,47.38
2026-10-04T14:48:11,20858,3295,18,70.39
2026-10-04T14:48:12,23494,659,7,99.86
2026-10-04T14:48:14,22446,1707,20,62.48
2026-10-04T14:48:15,20974,3179,15,46.23
2026-10-04T14:48:17,20004,4149,29,45.68
2026-10-04T14:48:19,19992,4161,41,40.42
2026-10-04T14:48:20,20192,3961,45,73.31
2026-10-04T14:48:22,20140,4013,21,99.68
2026-10-04T14:48:23,20154,3999,29,55.70
2026-10-04T14:48:24,19992,4161,24,50.68
2026-10-04T14:48:26,19993,4160,37,42.60
2026-10-04T14:48:27,19993,4160,23,33.62
2026-10-04T14:48:28,19993,4160,36,27.10
2026-10-04T14:48:29,19993,4160,59,23.54
2026-10-04T14:48:31,19993,4160,36,24.16
2026-10-04T14:48:32,19993,4160,71,24.94
2026-10-04T14:48:34,19993,4160,3,25.66
2026-10-04T14:48:35,19993,4160,47,25.52
2026-10-04T14:48:36,19993,4160,8,43.78
2026-10-04T14:48:38,19993,4160,8,77.75
2026-10-04T14:48:39,19993,4160,26,45.76
2026-10-04T14:48:40,19992,4161,33,38.97
2026-10-04T14:48:42,19992,4161,60,39.66
2026-10-04T14:48:43,19992,4161,43,36.77
2026-10-04T14:48:45,20932,3221,16,93.18
2026-10-04T14:48:46,23572,581,28,76.17
2026-10-04T14:48:48,21102,3051,13,131.61
2026-10-04T14:48:49,19992,4161,22,62.73
2026-10-04T14:48:51,19992,4161,23,47.72
2026-10-04T14:48:52,19992,4161,34,49.27
2026-10-04T14:48:53,20228,3925,22,66.54
2026-10-04T14:48:55,20226,3927,21,53.05
2026-10-04T14:48:56,20172,3981,28,50.48
2026-10-04T14:48:57,20140,4013,20,51.23
2026-10-04T14:48:59,19992,4161,10,58.57
2026-10-04T14:49:00,19992,4161,15,80.28
2026-10-04T14:49:01,19992,4161,14,46.97
2026-10-04T14:49:03,19992,4161,15,46.71
2026-10-04T14:49:04,19992,4161,60,43.58
2026-10-04T14:49:06,19992,4161,46,40.21
2026-10-04T14:49:07,19992,4161,2,37.76
2026-10-04T14:49:09,19992,4161,34,40.40
2026-10-04T14:49:10,19992,4161,56,45.05
2026-10-04T14:49:11,19992,4161,58,39.17
2026-10-04T14:49:13,19992,4161,32,45.26
2026-10-04T14:49:15,19992,4161,39,45.91
2026-10-04T14:49:16,19992,4161,48,43.54
2026-10-04T14:49:18,19992,4161,34,42.34
2026-10-04T14:49:19,19992,4161,49,47.41
2026-10-04T14:49:21,19992,4161,59,42.25
2026-10-04T14:49:22,20938,3215,21,87.96
2026-10-04T14:49:23,23188,965,20,118.28
2026-10-04T14:49:24,22512,1641,14,147.49
2026-10-04T14:49:26,20290,3863,11,106.04
2026-10-04T14:49:27,20120,4033,23,70.14
2026-10-04T14:49:28,20102,4051,18,53.08
2026-10-04T14:49:30,20118,4035,27,54.01
2026-10-04T14:49:31,20114,4039,23,52.74
2026-10-04T14:49:33,19930,4223,26,47.67
2026-10-04T14:49:34,19995,4158,13,79.19
2026-10-04T14:49:36,19995,4158,11,85.43
2026-10-04T14:49:37,19995,4158,26,48.81
2026-10-04T14:49:39,19994,4159,18,44.51
2026-10-04T14:49:40,19994,4159,14,71.20
2026-10-04T14:49:42,19994,4159,12,57.67
2026-10-04T14:49:43,19994,4159,16,42.12
2026-10-04T14:49:45,19994,4159,57,39.56
2026-10-04T14:49:47,19994,4159,50,37.05
2026-10-04T14:49:48,19994,4159,76,41.03
2026-10-04T14:49:50,19994,4159,9,78.33
2026-10-04T14:49:51,19994,4159,19,48.26
2026-10-04T14:49:52,19994,4159,25,47.80
2026-10-04T14:49:54,19994,4159,43,42.94
2026-10-04T14:49:56,19994,4159,45,37.00
2026-10-04T14:49:57,21846,2307,34,73.37
2026-10-04T14:49:58,23876,277,84,174.46
2026-10-04T14:50:00,20214,3939,23,117.93
2026-10-04T14:50:01,20376,3777,22,97.76
2026-10-04T14:50:02,20196,3957,17,51.74
2026-10-04T14:50:03,20176,3977,25,51.08
2026-10-04T14:50:05,20154,3999,29,48.55
2026-10-04T14:50:06,19995,4158,33,38.83
2026-10-04T14:50:07,19995,4158,2,35.65
2026-10-04T14:50:09,19995,4158,37,34.23
2026-10-04T14:50:10,19995,4158,99,29.37
2026-10-04T14:50:11,19994,4159,5,67.74
2026-10-04T14:50:13,19994,4159,19,42.68
2026-10-04T14:50:14,19994,4159,27,42.73
2026-10-04T14:50:16,19994,4159,50,37.31
2026-10-04T14:50:18,19994,4159,64,34.47
2026-10-04T14:50:19,19994,4159,13,70.07
2026-10-04T14:50:20,19994,4159,11,65.33
2026-10-04T14:50:22,19994,4159,27,45.88
2026-10-04T14:50:23,19994,4159,27,41.18
2026-10-04T14:50:25,19994,4159,34,40.72
2026-10-04T14:50:26,19994,4159,30,37.60
2026-10-04T14:50:28,19994,4159,40,36.58
2026-10-04T14:50:29,20226,3927,54,39.76
2026-10-04T14:50:30,20950,3203,16,90.19
2026-10-04T14:50:31,19934,4219,13,158.08
2026-10-04T14:50:33,20118,4035,15,99.44
2026-10-04T14:50:34,20124,4029,21,71.83
2026-10-04T14:50:36,20362,3791,25,53.57
2026-10-04T14:50:37,20176,3977,32,46.19
2026-10-04T14:50:39,20154,3999,22,46.19
2026-10-04T14:50:40,19994,4159,15,47.00
2026-10-04T14:50:41,19994,4159,34,40.27
2026-10-04T14:50:42,19994,4159,52,35.89
2026-10-04T14:50:44,19992,4161,57,34.17
2026-10-04T14:50:45,16170,7983,15,82.58
