status,confidence,representative_task,target_image_path,target_text,source_file,x1,y1,x2,y2,note
review,medium,289,data/target_image/Scene4/trash_bin.png,green trash cans inside the white pavilion,.\reconstructed_targets\batch_raw\289_trash_bin\view_02_r8_a180_cam1.png,280,250,440,475,疑似白色亭/绿色垃圾桶区域；目标结构可见但辨识度一般
approved,high,290,data/target_image/Scene4/iron_fence_gate.png,iron fence gate on the road,.\reconstructed_targets\batch_raw\290_iron_fence_gate\view_04_r12_a0_cam1.png,20,130,620,400,道路上的铁栅栏门清楚完整
review,medium,291,data/target_image/Scene4/Fire_extinguisher.png,"The red, cross-shaped fire hydrant next to the streetlight pole",.\reconstructed_targets\batch_raw\291_Fire_extinguisher\view_01_r8_a90_cam1.png,245,335,355,470,路灯旁十字形小型消防设施可见，但目标较小且颜色偏紫
review,medium,292,data/target_image/Scene4/trash_bin_beside_the_parking_lot.png,"The white and green squares on the ground are the parking lot, and the white pavilion next to the parking lot is the garbage bin inside",.\reconstructed_targets\batch_raw\292_trash_bin_beside_the_parking_lot\view_06_r12_a180_cam1.png,210,190,430,475,停车位旁白色亭体可见，但垃圾桶本体不够清楚
approved,high,293,data/target_image/Scene4/safeguard_pavillion.png,white safeguard pavilion at the gate of the neighborhood,.\reconstructed_targets\batch_raw\293_safeguard_pavillion\view_00_r8_a0_cam1.png,205,130,565,440,小区入口岗亭主体完整
approved,high,294,data/target_image/Scene4/stoneballs.png,stone balls on the road,.\reconstructed_targets\batch_raw\294_stoneballs\view_00_r8_a0_cam1.png,130,250,520,465,道路上的石球成排可见
approved,high,295,data/target_image/Scene4/parking_lot.png,green and white grids,.\reconstructed_targets\batch_raw\295_parking_lot\view_00_r8_a0_cam1.png,265,210,640,480,绿白网格停车位清晰
approved,high,296,data/target_image/Scene4/garbage station next to the building.png,The white garbage station next to the residential building,.\reconstructed_targets\batch_raw\296_garbage_station_next_to_the_building\view_05_r12_a90_cam1.png,120,80,530,475,住宅楼旁白色垃圾站正面完整
approved,high,297,data/target_image/Scene4/white box beside the lawn parking lot.png,The white box beside the lawn parking lot,.\reconstructed_targets\batch_raw\297_white_box_beside_the_lawn_parking_lot\view_00_r8_a0_cam2.png,250,210,450,475,草坪停车位旁白色箱体清楚
approved,high,307,data/target_image/Scene5/signboard.png,The signboard next to the street lamp,.\reconstructed_targets\batch_raw\307_signboard\view_01_r8_a90_cam1.png,180,240,480,480,路灯旁标牌主体清楚
review,medium,308,data/target_image/Scene5/red_square_framework.png,red square framework,.\reconstructed_targets\batch_raw\308_red_square_framework\view_01_r8_a90_cam1.png,180,245,510,480,方形框架清楚，但当前渲染呈蓝紫色，与文本 red 有色差
approved,high,309,data/target_image/Scene5/stonewall_with_sign.png,stone wall with Chinese character 'Yisheng Garden',.\reconstructed_targets\batch_raw\309_stonewall_with_sign\view_00_r8_a0_cam1.png,70,245,575,480,宜盛花园石墙及文字非常清楚
approved,high,310,data/target_image/Scene5/Circular_greenbelt.png,Circular greenbelt,.\reconstructed_targets\batch_raw\310_Circular_greenbelt\view_03_r8_a270_cam3.png,220,0,640,330,俯视圆形绿化带轮廓清楚
approved,high,311,data/target_image/Scene5/Pavilion.png,A conical roof supported by four pillars,.\reconstructed_targets\batch_raw\311_Pavilion\view_06_r12_a180_cam1.png,180,220,490,480,四柱锥形顶凉亭完整
approved,high,312,data/target_image/Scene5/Glass_greenhouse.png,Blue transparent prism roof and white frame,.\reconstructed_targets\batch_raw\312_Glass_greenhouse\view_00_r8_a0_cam1.png,190,220,550,480,玻璃温室白色框架与透明屋顶可见
approved,high,313,data/target_image/Scene5/underground_parking_lot_entrance.png,Tilted glass dome with white frame,.\reconstructed_targets\batch_raw\313_underground_parking_lot_entrance\view_00_r8_a0_cam1.png,165,200,640,480,倾斜玻璃穹顶/白色框架结构清楚
review,medium,314,data/target_image/Scene5/House.png,Composed of a blue roof and white walls with windows,.\reconstructed_targets\batch_raw\314_House\view_06_r12_a180_cam1.png,150,210,560,480,房屋主体完整，但当前屋顶呈浅黄而非文本中的 blue
approved,high,315,data/target_image/Scene5/green belt surrounded by the road.png,The greenbelt surrounded by the road,.\reconstructed_targets\batch_raw\315_green_belt_surrounded_by_the_road\view_03_r8_a270_cam3.png,215,0,640,335,道路围绕绿化带的关系在俯视图中清楚
approved,high,316,data/target_image/Scene5/house next to The entrance.png,the blue roofed white house next to The Entry of underground parking,.\reconstructed_targets\batch_raw\316_house_next_to_The_entrance\view_04_r12_a0_cam1.png,180,200,610,480,地下停车入口旁房屋及相邻结构完整
approved,high,317,data/target_image/Scene5/house between two buildings.png,A blue roofed white house between two residential buildings,.\reconstructed_targets\batch_raw\317_house_between_two_buildings\view_04_r12_a0_cam1.png,110,190,575,480,两栋住宅楼之间的小房屋主体完整
